i,j
Node_0,Node_68
Node_0,Node_69
Node_1,Node_68
Node_2,Node_70
Node_1,Node_71
Node_1,Node_4
Node_2,Node_11
Node_3,Node_72
Node_4,Node_73
Node_5,Node_73
Node_6,Node_17
Node_6,Node_74
Node_7,Node_74
Node_5,Node_75
Node_8,Node_75
Node_9,Node_76
Node_10,Node_76
Node_11,Node_77
Node_12,Node_11
Node_13,Node_77
Node_14,Node_11
Node_15,Node_11
Node_8,Node_11
Node_3,Node_13
Node_7,Node_78
Node_16,Node_78
Node_17,Node_23
Node_18,Node_17
Node_14,Node_79
Node_12,Node_22
Node_19,Node_80
Node_16,Node_79
Node_20,Node_79
Node_21,Node_81
Node_18,Node_21
Node_22,Node_82
Node_19,Node_29
Node_23,Node_83
Node_25,Node_81
Node_26,Node_83
Node_27,Node_25
Node_28,Node_24
Node_29,Node_84
Node_30,Node_84
Node_31,Node_29
Node_32,Node_85
Node_33,Node_86
Node_34,Node_31
Node_28,Node_36
Node_35,Node_87
Node_36,Node_30
Node_37,Node_34
Node_32,Node_30
Node_33,Node_88
Node_38,Node_35
Node_39,Node_45
Node_38,Node_89
Node_40,Node_48
Node_40,Node_15
Node_41,Node_30
Node_30,Node_90
Node_30,Node_91
Node_15,Node_30
Node_42,Node_92
Node_43,Node_92
Node_44,Node_93
Node_15,Node_94
Node_45,Node_94
Node_43,Node_95
Node_15,Node_88
Node_46,Node_91
Node_41,Node_42
Node_15,Node_96
Node_47,Node_96
Node_48,Node_97
Node_49,Node_44
Node_47,Node_49
Node_50,Node_49
Node_51,Node_95
Node_50,Node_89
Node_52,Node_98
Node_53,Node_98
Node_54,Node_90
Node_54,Node_99
Node_52,Node_100
Node_55,Node_101
Node_46,Node_101
Node_55,Node_102
Node_56,Node_102
Node_57,Node_103
Node_53,Node_103
Node_57,Node_104
Node_56,Node_105
Node_58,Node_90
Node_59,Node_99
Node_60,Node_51
Node_59,Node_106
Node_61,Node_62
Node_62,Node_97
Node_63,Node_100
Node_64,Node_65
Node_64,Node_106
Node_63,Node_107
Node_61,Node_104
Node_58,Node_108
Node_65,Node_109
Node_66,Node_109
Node_15,Node_67
Node_72,Node_10
